出表日期,報告年度,公司代號,公司名稱,員工福利平均數(仟元/人)(每年6/2起公開),員工薪資平均數(仟元/人)(每年6/2起公開),非擔任主管職務之全時員工薪資平均數(仟元/人)(每年7/1起公開),非擔任主管之全時員工薪資中位數(仟元/人)(每年7/1起公開),管理職女性主管佔比,職業災害人數及比率-人數,職業災害人數及比率-比率
"1120705","111","1101","台泥","1189","991","1030","922","27.00%","5人","0.43%"
"1120705","111","1102","亞泥","1326","1184","1056","930","22.31%","0人","0.00%"
"1120705","111","1103","嘉泥","1188","947","873","805","13.50%","0人","0.00%"
"1120705","111","1104","環泥","899","840","796","724","7.00%","1人","0.20%"
"1120705","111","1108","幸福","736","610","580","521","28.57%","2人","0.44%"
"1120705","111","1109","信大","752","617","642","607","16.00%","1人","0.00%"
"1120705","111","1110","東泥","831","665","630","607","18.18%","1人","0.96%"
"1120705","111","1201","味全","887","744","734","675","28.38%","9人","0.63%"
"1120705","111","1203","味王","677","590","609","579","9.70%","10人","1.40%"
"1120705","111","1210","大成","809","681","710","600","19.00%","21人","0.92%"
"1120705","111","1213","大飲","492","412","404","384","25.00%","0人","0.00%"
"1120705","111","1215","卜蜂","899","773","665","508","30.82%","28人","1.26%"
"1120705","111","1216","統一","1371","1209","1183","1012","29.07%","1人","0.02%"
"1120705","111","1217","愛之味","793","660","688","590","34.09%","4人","0.71%"
"1120705","111","1218","泰山","1387","1241","1049","853","25.21%","3人","0.43%"
"1120705","111","1219","福壽","831","689","682","625","12.80%","3人","0.50%"
"1120705","111","1220","台榮","658","541","571","537","13.79%","2人","1.00%"
"1120705","111","1225","福懋油","890","746","695","621","10.00%","0人","0.00%"
"1120705","111","1227","佳格","1078","888","856","767","39.00%","12人","0.90%"
"1120705","111","1229","聯華","3098","2800","749","680","25.00%","0人","0.00%"
"1120705","111","1231","聯華食","831","695","686","582","39.00%","19人","0.87%"
"1120705","111","1232","大統益","1982","1742","1585","1362","26.09%","0人","0.00%"
"1120705","111","1233","天仁","501","417","544","487","50.00%","5人","0.36%"
"1120705","111","1234","黑松","953","790","816","733","15.12%","0人","0.00%"
"1120705","111","1235","興泰","526","444","421","440","33.33%","0人","0.00%"
"1120705","111","1236","宏亞","613","505","500","440","46.00%","6人","0.79%"
"1120705","111","1256","鮮活果汁-KY","","","","","36.11%","29人","2.99%"
"1120705","111","1301","台塑","1621","1434","1398","1270","7.30%","2人","0.18%"
"1120705","111","1303","南亞","1233","1080","1238","1161","4.85%","5人","0.04%"
"1120705","111","1304","台聚","1674","1411","1513","1376","0.66%","0人","0.00%"
"1120705","111","1305","華夏","1102","919","942","904","6.33%","3人","0.44%"
"1120705","111","1307","三芳","990","852","731","694","6.40%","11人","3.30%"
"1120705","111","1308","亞聚","1654","1411","1490","1407","2.70%","0人","0.00%"
"1120705","111","1309","台達化","1291","1084","1100","1039","15.38%","0人","0.00%"
"1120705","111","1310","台苯","1185","930","883","793","22.58%","0人","0.00%"
"1120705","111","1312","國喬","1022","847","878","774","27.27%","2人","0.53%"
"1120705","111","1313","聯成","1554","1310","1165","1072","30.60%","0人","0.00%"
"1120705","111","1314","中石化","978","817","953","869","14.00%","0人","0.00%"
"1120705","111","1315","達新","761","643","604","535","44.52%","0人","0.00%"
"1120705","111","1316","上曜","1519","1385","640","511","23.81%","0人","0.00%"
"1120705","111","1319","東陽","745","626","684","582","13.60%","0人","0.00%"
"1120705","111","1321","大洋","902","745","800","738","8.16%","5人","1.10%"
"1120705","111","1323","永裕","701","592","596","508","26.84%","4人","0.56%"
"1120705","111","1324","地球","713","595","536","446","32.25%","0人","0.00%"
"1120705","111","1325","恆大","566","457","470","405","66.67%","0人","0.00%"
"1120705","111","1326","台化","1645","1427","1409","1283","4.63%","3人","0.06%"
"1120705","111","1337","再生-KY","","","","","14.29%","0人","0.00%"
"1120705","111","1338","廣華-KY","","","","","17.70%","0人","0.00%"
"1120705","111","1339","昭輝","772","638","648","495","21.43%","1人","0.36%"
"1120705","111","1340","勝悅-KY","","","","","0.00%","0人","0.00%"
"1120705","111","1341","富林-KY","","","","","23.53%","7人","0.74%"
"1120705","111","1342","八貫","905","806","669","538","40.00%","6人","1.60%"
"1120705","111","1402","遠東新","1315","1130","1011","864","30.00%","77人","0.35%"
"1120705","111","1409","新纖","890","755","744","618","10.43%","5人","0.25%"
"1120705","111","1410","南染","671","572","526","528","33.00%","0人","0.00%"
"1120705","111","1413","宏洲","789","665","678","607","23.00%","1人","0.45%"
"1120705","111","1414","東和","640","523","575","529","16.67%","1人","0.44%"
"1120705","111","1416","廣豐","1583","1392","803","940","33.33%","0人","0.00%"
"1120705","111","1417","嘉裕","694","577","525","473","48.00%","5人","1.50%"
"1120705","111","1418","東華","1071","931","594","515","16.67%","0人","0.00%"
"1120705","111","1419","新紡","890","760","721","610","50.00%","2人","0.36%"
"1120705","111","1423","利華","715","599","520","481","33.33%","2人","3.64%"
"1120705","111","1432","大魯閣","477","385","516","425","33.30%","1人","0.00%"
"1120705","111","1434","福懋","616","519","590","523","5.00%","9人","0.28%"
"1120705","111","1435","中福","1593","1493","849","740","0.00%","0人","0.00%"
"1120705","111","1436","華友聯","1256","1066","871","819","41.18%","0人","0.00%"
"1120705","111","1437","勤益控","2806","2546","614","412","67.00%","0人","0.00%"
"1120705","111","1438","三地開發","1340","1184","523","521","25.00%","0人","0.00%"
"1120705","111","1439","雋揚","957","774","711","700","60.00%","0人","0.00%"
"1120705","111","1440","南紡","795","670","621","546","10.33%","6人","0.60%"
"1120705","111","1441","大東","1060","886","661","633","13.60%","0人","0.00%"
"1120705","111","1442","名軒","1205","998","874","819","60.00%","0人","0.00%"
"1120705","111","1443","立益物流","824","699","637","623","36.00%","0人","0.00%"
"1120705","111","1444","力麗","689","552","595","519","24.07%","1人","0.06%"
"1120705","111","1445","大宇","692","586","600","515","13.00%","0人","0.00%"
"1120705","111","1446","宏和","764","645","608","504","14.29%","0人","0.00%"
"1120705","111","1447","力鵬","759","606","607","538","20.00%","1人","0.08%"
"1120705","111","1449","佳和","587","489","515","462","25.27%","2人","0.24%"
"1120705","111","1451","年興","788","667","594","535","11.11%","2人","0.28%"
"1120705","111","1452","宏益","799","659","601","511","35.00%","7人","3.06%"
"1120705","111","1453","大將","730","589","530","481","40.00%","0人","0.00%"
"1120705","111","1454","台富","702","582","554","509","28.57%","1人","0.00%"
"1120705","111","1455","集盛","769","652","651","569","14.29%","1人","0.08%"
"1120705","111","1456","怡華","936","803","558","547","17.00%","0人","0.00%"
"1120705","111","1457","宜進","1214","1035","798","715","53.00%","0人","0.00%"
"1120705","111","1459","聯發","645","531","487","432","16.67%","0人","0.00%"
"1120705","111","1460","宏遠","720","583","550","509","3.89%","19人","0.35%"
"1120705","111","1463","強盛","667","574","550","520","28.57%","0人","0.00%"
"1120705","111","1464","得力","709","613","589","549","30.91%","16人","1.85%"
"1120705","111","1465","偉全","696","588","581","492","25.00%","0人","0.00%"
"1120705","111","1466","聚隆","722","593","604","551","35.00%","6人","1.10%"
"1120705","111","1467","南緯","945","802","708","603","54.00%","2人","1.00%"
"1120705","111","1468","昶和","724","593","544","470","20.00%","0人","0.00%"
"1120705","111","1470","大統新創","686","588","553","471","34.00%","0人","0.00%"
"1120705","111","1471","首利","1127","965","764","756","27.00%","0人","0.00%"
"1120705","111","1472","三洋實業","932","756","600","527","25.00%","0人","0.00%"
"1120705","111","1473","台南","809","701","558","463","80.76%","1人","0.26%"
"1120705","111","1474","弘裕","727","625","598","520","19.48%","14人","2.81%"
"1120705","111","1475","業旺","1046","861","545","545","10.00%","0人","0.00%"
"1120705","111","1476","儒鴻","1223","1076","1000","880","35.30%","1人","0.06%"
"1120705","111","1477","聚陽","2529","2344","1447","1321","54.00%","4人","0.50%"
"1120705","111","1503","士電","1217","1074","1049","854","9.00%","0人","0.00%"
"1120705","111","1504","東元","1095","944","893","715","22.10%","2人","0.04%"
"1120705","111","1506","正道","843","712","550","518","27.85%","3人","1.40%"
"1120705","111","1512","瑞利","673","546","548","500","13.33%","0人","0.00%"
"1120705","111","1513","中興電","1045","889","870","769","17.37%","2人","0.10%"
"1120705","111","1514","亞力","1112","956","898","775","0.00%","0人","0.00%"
"1120705","111","1515","力山","583","487","575","481","16.98%","6人","0.83%"
"1120705","111","1516","川飛","1235","1064","648","666","0.00%","0人","0.00%"
"1120705","111","1517","利奇","571","471","492","444","8.33%","5人","0.74%"
"1120705","111","1519","華城","1205","1047","1016","816","13.64%","7人","0.90%"
"1120705","111","1521","大億","732","611","633","577","12.20%","0人","0.00%"
"1120705","111","1522","堤維西","733","605","614","568","21.00%","12人","0.75%"
"1120705","111","1524","耿鼎","757","631","615","528","8.16%","3人","0.66%"
"1120705","111","1525","江申","751","629","637","559","13.46%","0人","0.00%"
"1120705","111","1526","日馳","903","787","644","500","20.00%","0人","0.00%"
"1120705","111","1527","鑽全","732","632","580","494","9.52%","3人","0.42%"
"1120705","111","1528","恩德","1079","949","674","602","3.68%","0人","0.00%"
"1120705","111","1529","樂事綠能","713","581","546","505","55.56%","0人","0.00%"
"1120705","111","1530","亞崴","832","704","634","575","11.18%","1人","0.24%"
"1120705","111","1531","高林股","907","773","776","697","19.56%","0人","0.00%"
"1120705","111","1532","勤美","918","779","695","563","37.50%","2人","0.61%"
"1120705","111","1533","車王電","664","549","568","462","23.88%","0人","0.00%"
"1120705","111","1535","中宇","1243","1090","1112","1010","8.30%","0人","0.00%"
"1120705","111","1536","和大","786","635","631","603","9.09%","1124人","1.16%"
"1120705","111","1537","廣隆","1282","1121","837","670","23.53%","0人","0.00%"
"1120705","111","1538","正峰","844","715","455","450","33.33%","0人","0.00%"
"1120705","111","1539","巨庭","644","527","511","475","11.00%","0人","0.00%"
"1120705","111","1540","喬福","689","566","579","555","0.00%","0人","0.00%"
"1120705","111","1541","錩泰","564","472","453","395","24.44%","0人","0.00%"
"1120705","111","1558","伸興","1102","923","838","784","45.00%","6人","0.26%"
"1120705","111","1560","中砂","1057","890","837","768","6.58%","8人","0.46%"
"1120705","111","1568","倉佑","720","594","600","547","25.00%","2人","0.47%"
"1120705","111","1582","信錦","1235","1074","1009","869","16.00%","241人","0.00%"
"1120705","111","1583","程泰","898","731","762","707","16.47%","0人","0.00%"
"1120705","111","1587","吉茂","826","701","514","498","26.67%","0人","0.00%"
"1120705","111","1589","永冠-KY","","","","","17.00%","90人","3.93%"
"1120705","111","1590","亞德客-KY","","","","","9.31%","72人","0.83%"
"1120705","111","1597","直得","906","769","659","628","31.43%","2人","4.00%"
"1120705","111","1598","岱宇","665","559","565","492","30.30%","1人","0.00%"
"1120705","111","1603","華電","717","616","564","479","28.09%","8人","1.32%"
"1120705","111","1604","聲寶","987","828","825","737","8.82%","0人","0.00%"
"1120705","111","1605","華新","1375","1243","1210","991","18.15%","26人","0.87%"
"1120705","111","1608","華榮","796","649","704","685","16.39%","0人","0.00%"
"1120705","111","1609","大亞","1099","953","813","772","19.60%","5人","0.50%"
"1120705","111","1611","中電","767","614","464","464","0.00%","0人","0.00%"
"1120705","111","1612","宏泰","1005","862","838","706","18.00%","1人","0.30%"
"1120705","111","1614","三洋電","515","410","586","562","1.27%","8人","0.73%"
"1120705","111","1615","大山","821","696","670","600","26.53%","2人","0.79%"
"1120705","111","1616","億泰","793","664","636","589","14.29%","1人","0.47%"
"1120705","111","1617","榮星","809","692","714","658","10.00%","0人","0.00%"
"1120705","111","1618","合機","875","739","719","673","23.61%","9人","4.21%"
"1120705","111","1626","艾美特-KY","","","","","28.00%","7人","0.25%"
"1120705","111","1701","中化","941","794","778","661","23.00%","11人","0.85%"
"1120705","111","1702","南僑","2766","2516","1007","734","36.80%","0人","0.00%"
"1120705","111","1707","葡萄王","1107","986","864","782","43.24%","3人","0.59%"
"1120705","111","1708","東鹼","1546","1365","1297","1052","38.46%","0人","0.00%"
"1120705","111","1709","和益","2119","1884","1663","1495","13.00%","0人","0.00%"
"1120705","111","1710","東聯","1252","939","1009","928","1.37%","0人","0.00%"
"1120705","111","1711","永光","888","741","786","743","15.90%","1人","0.05%"
"1120705","111","1712","興農","912","778","775","679","16.89%","2人","0.15%"
"1120705","111","1713","國化","1121","986","794","753","23.08%","0人","0.00%"
"1120705","111","1714","和桐","1054","893","722","601","42.86%","0人","0.00%"
"1120705","111","1717","長興","1221","996","955","816","15.40%","3人","0.06%"
"1120705","111","1718","中纖","830","672","664","597","22.06%","3人","0.50%"
"1120705","111","1720","生達","896","775","817","703","43.50%","9人","1.13%"
"1120705","111","1721","三晃","895","740","753","733","30.38%","5人","0.95%"
"1120705","111","1722","台肥","1664","1442","1387","1232","12.04%","3人","0.47%"
"1120705","111","1723","中碳","1847","1618","1453","1372","10.26%","0人","0.00%"
"1120705","111","1725","元禎","906","720","702","609","12.50%","0人","0.00%"
"1120705","111","1726","永記","920","791","775","704","7.00%","10人","1.37%"
"1120705","111","1727","中華化","772","633","626","598","19.35%","9人","3.45%"
"1120705","111","1730","花仙子","1353","1153","890","708","50.00%","0人","0.00%"
"1120705","111","1731","美吾華","908","777","664","585","42.11%","2人","1.07%"
"1120705","111","1732","毛寶","624","524","538","456","50.00%","2人","1.24%"
"1120705","111","1733","五鼎","740","622","651","566","41.70%","11人","1.38%"
"1120705","111","1734","杏輝","774","646","617","533","41.53%","3人","0.39%"
"1120705","111","1735","日勝化","954","804","753","661","4.76%","2人","0.94%"
"1120705","111","1736","喬山","872","738","707","592","21.67%","3人","0.51%"
"1120705","111","1737","臺鹽","1159","981","985","895","29.06%","0人","0.00%"
"1120705","111","1752","南光","687","575","565","494","23.33%","13人","2.06%"
"1120705","111","1760","寶齡富錦","1113","954","838","624","44.10%","5人","0.93%"
"1120705","111","1762","中化生","1216","1042","967","885","19.00%","0人","0.00%"
"1120705","111","1773","勝一","1331","1164","1071","924","9.30%","4人","0.90%"
"1120705","111","1776","展宇","837","691","636","493","25.00%","2人","1.64%"
"1120705","111","1783","和康生","1085","923","677","538","57.14%","0人","0.00%"
"1120705","111","1786","科妍","1027","868","659","594","27.00%","0人","0.00%"
"1120705","111","1789","神隆","1068","906","813","744","34.04%","15人","2.24%"
"1120705","111","1795","美時","1339","1113","1096","774","34.00%","1人","0.16%"
"1120705","111","1802","台玻","776","652","677","631","13.20%","80人","2.01%"
"1120705","111","1805","寶徠","1331","1158","715","659","25.00%","0人","0.00%"
"1120705","111","1806","冠軍","749","605","672","595","23.53%","10人","1.43%"
"1120705","111","1808","潤隆","994","768","664","595","27.58%","2人","2.04%"
"1120705","111","1809","中釉","877","749","749","392","15.00%","1人","0.49%"
"1120705","111","1810","和成","734","625","618","535","9.26%","1人","0.12%"
"1120705","111","1817","凱撒衛","935","788","765","621","25.00%","0人","0.00%"
"1120705","111","1903","士紙","829","678","563","529","22.58%","0人","0.00%"
"1120705","111","1904","正隆","1085","934","918","850","4.31%","10人","0.27%"
"1120705","111","1905","華紙","940","785","735","678","9.32%","1人","0.03%"
"1120705","111","1906","寶隆","1587","1258","808","875","14.29%","0人","0.00%"
"1120705","111","1907","永豐餘","2606","2420","783","691","18.00%","39人","0.44%"
"1120705","111","1909","榮成","935","799","766","731","5.00%","1人","0.09%"
"1120705","111","2002","中鋼","1941","1664","1595","1495","2.35%","1人","0.01%"
"1120705","111","2006","東和鋼鐵","1210","1061","1088","1031","8.80%","12人","0.62%"
"1120705","111","2007","燁興","853","617","652","615","5.90%","2人","0.45%"
"1120705","111","2008","高興昌","737","591","549","510","10.00%","1人","0.46%"
"1120705","111","2009","第一銅","667","533","550","531","3.57%","9人","3.63%"
"1120705","111","2010","春源","796","640","702","612","7.91%","22人","1.97%"
"1120705","111","2012","春雨","777","671","768","613","19.35%","4人","0.71%"
"1120705","111","2013","中鋼構","1878","1637","1599","1410","3.00%","0人","0.00%"
"1120705","111","2014","中鴻","1127","833","823","795","3.47%","1人","0.09%"
"1120705","111","2015","豐興","1273","1085","1063","965","25.00%","6人","0.63%"
"1120705","111","2017","官田鋼","627","512","534","469","27.45%","14人","4.84%"
"1120705","111","2020","美亞","849","631","706","638","18.80%","5人","1.50%"
"1120705","111","2022","聚亨","741","631","594","536","10.90%","0人","0.00%"
"1120705","111","2023","燁輝","1141","867","942","920","3.50%","2人","0.00%"
"1120705","111","2024","志聯","740","592","569","518","28.10%","2人","1.20%"
"1120705","111","2025","千興","640","513","518","509","25.00%","0人","0.00%"
"1120705","111","2027","大成鋼","1848","1717","1698","1458","21.74%","1人","0.10%"
"1120705","111","2028","威致","938","698","773","700","40.00%","9人","2.37%"
"1120705","111","2029","盛餘","1209","999","1047","975","7.45%","1人","0.19%"
"1120705","111","2030","彰源","828","700","655","569","0.00%","4人","0.64%"
"1120705","111","2031","新光鋼","1004","822","785","711","34.78%","3人","1.09%"
"1120705","111","2032","新鋼","630","494","514","497","11.54%","6人","3.20%"
"1120705","111","2033","佳大","707","569","517","505","25.00%","0人","0.00%"
"1120705","111","2034","允強","876","717","685","591","17.00%","5人","0.62%"
"1120705","111","2038","海光","798","686","659","593","1.11%","2人","0.48%"
"1120705","111","2049","上銀","1038","885","940","903","13.34%","41人","0.87%"
"1120705","111","2059","川湖","937","809","869","703","26.31%","0人","0.00%"
"1120705","111","2062","橋椿","714","585","537","465","47.45%","25人","2.60%"
"1120705","111","2069","運錩","734","578","583","512","51.85%","3人","0.14%"
"1120705","111","2101","南港","821","699","705","614","0.27%","20人","1.90%"
"1120705","111","2102","泰豐","770","618","619","599","9.09%","2人","0.40%"
"1120705","111","2103","台橡","1559","1124","1204","1091","26.40%","6人","0.37%"
"1120705","111","2104","國際中橡","1754","1391","1420","1268","33.30%","2人","0.82%"
"1120705","111","2105","正新","849","729","696","658","0.40%","7人","0.14%"
"1120705","111","2106","建大","772","659","638","589","13.98%","11人","0.58%"
"1120705","111","2107","厚生","895","782","662","612","1.59%","3人","1.60%"
"1120705","111","2108","南帝","1483","1259","1832","1746","0.00%","0人","0.00%"
"1120705","111","2109","華豐","695","595","581","527","17.00%","11人","1.68%"
"1120705","111","2114","鑫永銓","750","637","534","525","28.00%","0人","0.00%"
"1120705","111","2115","六暉-KY","","","","","55.00%","0人","0.00%"
"1120705","111","2201","裕隆","1126","954","863","812","18.18%","1人","0.09%"
"1120705","111","2204","中華","1250","1083","1111","994","12.35%","5人","0.26%"
"1120705","111","2206","三陽工業","1207","1032","1014","998","7.91%","1人","0.04%"
"1120705","111","2207","和泰車","2764","2380","2080","1737","23.00%","0人","0.00%"
"1120705","111","2208","台船","1134","948","939","897","6.00%","3人","0.10%"
"1120705","111","2211","長榮鋼","1145","953","993","951","21.00%","4人","0.70%"
"1120705","111","2227","裕日車","1552","1276","1182","1117","15.00%","0人","0.00%"
"1120705","111","2228","劍麟","800","686","630","534","10.81%","1人","0.23%"
"1120705","111","2231","為升","922","811","638","549","27.03%","1人","0.26%"
"1120705","111","2233","宇隆","926","804","833","711","27.27%","1人","0.20%"
"1120705","111","2236","百達-KY","","","","","18.60%","0人","0.00%"
"1120705","111","2239","英利-KY","","","","","0.00%","0人","0.00%"
"1120705","111","2241","艾姆勒","856","700","649","577","15.15%","12人","2.65%"
"1120705","111","2243","宏旭-KY","","","","","4.26%","0人","0.00%"
"1120705","111","2247","汎德永業","1133","952","1035","815","8.70%","11人","0.65%"
"1120705","111","2250","IKKA-KY","","","","","37.00%","0人","0.00%"
"1120705","111","2301","光寶科","1662","1488","1472","1129","23.24%","40人","0.13%"
"1120705","111","2302","麗正","733","609","613","497","5.00%","0人","0.00%"
"1120705","111","2303","聯電","2525","2334","2080","1656","22.10%","13人","0.09%"
"1120705","111","2305","全友","961","815","717","710","25.00%","0人","0.00%"
"1120705","111","2308","台達電","1831","1625","1701","1422","32.00%","236人","0.28%"
"1120705","111","2312","金寶","2013","1765","1411","1219","26.83%","1人","0.22%"
"1120705","111","2313","華通","1068","907","1004","894","15.00%","60人","1.20%"
"1120705","111","2314","台揚","1002","852","834","656","14.29%","3人","0.50%"
"1120705","111","2316","楠梓電","615","503","534","491","40.00%","9人","0.68%"
"1120705","111","2317","鴻海","2972","2501","2538","1768","21.23%","241人","0.03%"
"1120705","111","2321","東訊","1004","832","787","663","11.90%","2人","1.20%"
"1120705","111","2323","中環","737","630","597","576","26.00%","12人","1.72%"
"1120705","111","2324","仁寶","1491","1290","1352","1180","11.99%","87人","0.90%"
"1120705","111","2327","國巨","876","772","740","642","34.00%","8人","0.20%"
"1120705","111","2328","廣宇","2127","1811","1370","1264","27.27%","0人","0.00%"
"1120705","111","2329","華泰","791","652","702","620","45.00%","7人","0.14%"
"1120705","111","2330","台積電","3446","3175","3167","2435","13.30%","35人","0.05%"
"1120705","111","2331","精英","1639","1442","1271","1044","31.88%","9人","1.38%"
"1120705","111","2332","友訊","1274","1083","1078","974","55.56%","0人","0.00%"
"1120705","111","2337","旺宏","2041","1813","1729","1281","28.00%","2人","0.05%"
"1120705","111","2338","光罩","1234","1042","1111","936","3.49%","4人","1.07%"
"1120705","111","2340","台亞","1079","941","806","693","26.00%","0人","0.00%"
"1120705","111","2342","茂矽","1096","925","963","858","25.90%","11人","0.16%"
"1120705","111","2344","華邦電","2451","2254","1926","1580","1.33%","3人","0.08%"
"1120705","111","2345","智邦","1456","1289","1324","934","25.20%","12人","0.37%"
"1120705","111","2347","聯強","1468","1272","1228","1049","44.35%","1人","0.14%"
"1120705","111","2348","海悅","1510","1309","1109","955","30.77%","0人","0.00%"
"1120705","111","2349","錸德","727","630","670","578","2.61%","0人","0.00%"
"1120705","111","2351","順德","883","738","726","601","16.13%","4人","0.26%"
"1120705","111","2352","佳世達","2236","1953","1696","1290","15.30%","0人","0.00%"
"1120705","111","2353","宏碁","2039","1756","1772","1442","31.32%","14人","0.00%"
"1120705","111","2354","鴻準","2320","1941","2498","1634","0.00%","0人","0.00%"
"1120705","111","2355","敬鵬","825","706","710","640","26.00%","29人","1.00%"
"1120705","111","2356","英業達","1320","1155","1121","939","13.58%","41人","0.21%"
"1120705","111","2357","華碩","1676","1476","1617","1310","22.72%","1人","0.01%"
"1120705","111","2358","廷鑫","924","784","534","464","40.00%","2人","1.89%"
"1120705","111","2359","所羅門","1097","934","919","779","0.06%","7人","2.30%"
"1120705","111","2360","致茂","1548","1355","1401","1144","14.04%","1人","0.00%"
"1120705","111","2362","藍天","1327","1119","1204","1078","26.00%","1人","0.00%"
"1120705","111","2363","矽統","1673","1502","1308","1210","22.00%","0人","0.00%"
"1120705","111","2364","倫飛","1079","929","737","643","29.27%","0人","0.00%"
"1120705","111","2365","昆盈","1206","957","847","719","35.71%","0人","0.00%"
"1120705","111","2367","燿華","791","672","673","605","13.95%","2人","0.04%"
"1120705","111","2368","金像電","1115","959","887","721","19.93%","47人","0.72%"
"1120705","111","2369","菱生","662","536","591","507","17.05%","0人","0.00%"
"1120705","111","2371","大同","904","775","763","680","20.66%","8人","0.32%"
"1120705","111","2373","震旦行","835","591","736","640","15.00%","0人","0.00%"
"1120705","111","2374","佳能","1298","1110","1251","1080","23.00%","0人","0.00%"
"1120705","111","2375","凱美","2097","1889","774","800","30.00%","0人","0.00%"
"1120705","111","2376","技嘉","1306","1058","1409","953","27.25%","6人","0.08%"
"1120705","111","2377","微星","1794","1587","1712","1478","24.78%","0人","0.00%"
"1120705","111","2379","瑞昱","4910","4617","3839","3069","9.20%","0人","0.00%"
"1120705","111","2380","虹光","1066","863","873","771","17.31%","1人","0.25%"
"1120705","111","2382","廣達","1791","1556","1501","1217","21.29%","109人","0.94%"
"1120705","111","2383","台光電","1317","1148","1054","786","12.03%","22人","0.59%"
"1120705","111","2385","群光","2757","2499","1958","1676","14.57%","31人","0.00%"
"1120705","111","2387","精元","1128","985","740","655","7.83%","0人","0.00%"
"1120705","111","2388","威盛","1915","1672","1632","1443","20.96%","3人","0.80%"
"1120705","111","2390","云辰","1038","857","725","697","20.00%","0人","0.00%"
"1120705","111","2392","正崴","1723","1527","1082","956","31.20%","66人","0.23%"
"1120705","111","2393","億光","906","759","796","603","20.28%","9人","0.66%"
"1120705","111","2395","研華","1496","1302","1192","1001","21.00%","4人","0.13%"
"1120705","111","2397","友通","1034","892","905","711","22.73%","3人","0.47%"
"1120705","111","2399","映泰","1122","928","824","728","35.90%","0人","0.00%"
"1120705","111","2401","凌陽","1770","1539","1592","1358","26.14%","0人","0.00%"
"1120705","111","2402","毅嘉","844","719","538","439","23.00%","5人","2.33%"
"1120705","111","2404","漢唐","1723","1557","1506","1277","14.29%","5人","0.55%"
"1120705","111","2405","輔信","1198","1022","976","828","22.92%","0人","0.00%"
"1120705","111","2406","國碩","880","737","713","650","26.00%","3人","1.95%"
"1120705","111","2408","南亞科","1748","1575","1581","1350","12.18%","0人","0.00%"
"1120705","111","2409","友達","1278","1067","1044","791","28.20%","2人","0.01%"
"1120705","111","2412","中華電","1724","913","1548","1510","21.51%","36人","0.18%"
"1120705","111","2413","環科","681","585","558","497","20.00%","4人","0.51%"
"1120705","111","2414","精技","1141","979","896","809","21.31%","1人","0.26%"
"1120705","111","2415","錩新","1445","1191","1005","904","60.00%","0人","0.00%"
"1120705","111","2417","圓剛","1361","1185","1115","1085","19.50%","0人","0.00%"
"1120705","111","2419","仲琦","1826","1614","1571","1395","23.00%","0人","0.00%"
"1120705","111","2420","新巨","823","714","593","476","32.00%","0人","0.00%"
"1120705","111","2421","建準","1227","1023","1026","843","46.00%","0人","0.00%"
"1120705","111","2423","固緯","1232","1067","973","876","20.28%","0人","0.00%"
"1120705","111","2424","隴華","861","735","691","642","25.00%","0人","0.00%"
"1120705","111","2425","承啟","1669","1378","658","720","44.00%","0人","0.00%"
"1120705","111","2426","鼎元","692","550","562","497","24.56%","7人","0.96%"
"1120705","111","2427","三商電","989","851","765","710","17.00%","0人","0.00%"
"1120705","111","2428","興勤","972","822","758","560","47.00%","0人","0.00%"
"1120705","111","2429","銘旺科","608","496","458","321","7.14%","0人","0.00%"
"1120705","111","2430","燦坤","618","493","675","628","10.00%","36人","1.51%"
"1120705","111","2431","聯昌","1206","1010","920","764","0.00%","0人","0.00%"
"1120705","111","2432","倚天酷碁-創","","","","","20.00%","1人","0.02%"
"1120705","111","2433","互盛電","823","609","726","649","4.00%","0人","0.00%"
"1120705","111","2434","統懋","693","568","557","492","3.85%","0人","0.00%"
"1120705","111","2436","偉詮電","1448","1246","1151","1071","14.78%","1人","0.30%"
"1120705","111","2438","翔耀","633","512","522","461","60.00%","0人","0.00%"
"1120705","111","2439","美律","1322","1051","985","765","34.73%","11人","0.01%"
"1120705","111","2440","太空梭","1162","964","783","737","25.00%","0人","0.00%"
"1120705","111","2441","超豐","895","750","783","630","42.66%","4人","0.10%"
"1120705","111","2442","新美齊","1854","1087","1079","879","21.43%","0人","0.00%"
"1120705","111","2443","昶虹","998","857","753","648","42.85%","0人","0.00%"
"1120705","111","2444","兆勁","699","575","524","469","0.02%","4人","0.80%"
"1120705","111","2449","京元電子","942","809","863","711","33.09%","16人","0.16%"
"1120705","111","2450","神腦","772","626","622","584","35.20%","1人","0.05%"
"1120705","111","2451","創見","902","758","748","601","15.20%","0人","0.00%"
"1120705","111","2453","凌群","1262","1080","938","827","22.00%","7人","0.59%"
"1120705","111","2454","聯發科","5337","4992","4867","3747","5.60%","0人","0.00%"
"1120705","111","2455","全新","1211","1023","897","700","14.81%","1人","0.33%"
"1120705","111","2457","飛宏","1210","1015","919","794","32.22%","7人","0.15%"
"1120705","111","2458","義隆","2000","1746","1745","1572","15.59%","0人","0.00%"
"1120705","111","2459","敦吉","1360","1217","1032","920","0.00%","0人","0.00%"
"1120705","111","2460","建通","707","575","595","530","9.23%","0人","0.00%"
"1120705","111","2461","光群雷","1047","915","768","672","28.13%","4人","2.68%"
"1120705","111","2462","良得電","1283","1073","990","876","10.40%","48人","0.00%"
"1120705","111","2464","盟立","1196","1017","1083","893","9.80%","1人","0.08%"
"1120705","111","2465","麗臺","1014","855","857","718","31.82%","1人","0.31%"
"1120705","111","2466","冠西電","828","712","608","446","24.00%","2人","1.27%"
"1120705","111","2467","志聖","1278","1106","1189","993","11.96%","4人","1.04%"
"1120705","111","2468","華經","955","802","697","615","30.00%","5人","1.36%"
"1120705","111","2471","資通","1516","1323","1203","1079","21.43%","0人","0.00%"
"1120705","111","2472","立隆電","1850","1642","1312","1278","37.80%","0人","0.00%"
"1120705","111","2474","可成","739","620","687","579","28.57%","7人","0.18%"
"1120705","111","2476","鉅祥","792","688","716","631","30.20%","1人","0.15%"
"1120705","111","2477","美隆電","702","607","656","528","5.78%","3人","1.32%"
"1120705","111","2478","大毅","951","837","684","571","28.42%","6人","0.70%"
"1120705","111","2480","敦陽科","1336","1174","1050","962","26.81%","3人","0.52%"
"1120705","111","2481","強茂","921","774","770","555","41.38%","17人","1.14%"
"1120705","111","2482","連宇","1067","920","760","620","30.00%","0人","0.00%"
"1120705","111","2483","百容","657","560","535","469","11.00%","17人","2.65%"
"1120705","111","2484","希華","836","709","702","604","31.00%","0人","0.00%"
"1120705","111","2485","兆赫","653","540","562","422","34.98%","13人","1.24%"
"1120705","111","2486","一詮","729","604","603","546","13.00%","9人","1.11%"
"1120705","111","2488","漢平","1177","1019","794","662","33.00%","1人","0.68%"
"1120705","111","2489","瑞軒","1572","1359","1035","927","40.24%","3人","0.14%"
"1120705","111","2491","吉祥全","904","777","553","505","19.00%","0人","0.00%"
"1120705","111","2492","華新科","740","603","580","486","30.50%","5人","0.18%"
"1120705","111","2493","揚博","1303","1141","1077","882","25.00%","0人","0.00%"
"1120705","111","2495","普安","1078","935","931","759","15.00%","0人","0.00%"
"1120705","111","2496","卓越","1386","1112","659","682","100.00%","0人","0.00%"
"1120705","111","2497","怡利電","836","720","641","575","1.06%","0人","0.00%"
"1120705","111","2498","宏達電","1174","963","1139","897","25.48%","1人","0.04%"
"1120705","111","2501","國建","1441","1275","987","879","31.03%","2人","1.25%"
"1120705","111","2504","國產","1577","1450","1033","1018","16.67%","5人","0.79%"
"1120705","111","2505","國揚","1505","1292","1256","1170","42.86%","0人","0.00%"
"1120705","111","2506","太設","643","550","1042","836","0.00%","0人","0.00%"
"1120705","111","2509","全坤建","976","813","802","745","66.67%","0人","0.00%"
"1120705","111","2511","太子","1801","1574","1082","1048","35.70%","0人","0.00%"
"1120705","111","2514","龍邦","1164","1000","778","698","50.00%","0人","0.00%"
"1120705","111","2515","中工","1124","972","748","670","20.00%","5人","0.50%"
"1120705","111","2516","新建","839","724","616","483","11.00%","4人","0.46%"
"1120705","111","2520","冠德","2018","1777","1273","1081","36.00%","0人","0.00%"
"1120705","111","2524","京城","1589","1341","980","937","28.57%","0人","0.00%"
"1120705","111","2527","宏璟","1507","1280","830","852","39.00%","0人","0.00%"
"1120705","111","2528","皇普","1000","858","728","610","44.44%","0人","0.00%"
"1120705","111","2530","華建","1667","1465","1104","896","40.00%","0人","0.00%"
"1120705","111","2534","宏盛","1275","1091","972","836","8.24%","0人","0.00%"
"1120705","111","2535","達欣工","1441","1245","1119","1093","10.73%","0人","0.00%"
"1120705","111","2536","宏普","1176","998","841","857","25.00%","0人","0.00%"
"1120705","111","2537","聯上發","1133","945","888","791","55.56%","0人","0.00%"
"1120705","111","2538","基泰","2989","1619","1029","842","0.00%","0人","0.00%"
"1120705","111","2539","櫻花建","1126","941","891","756","20.00%","1人","1.35%"
"1120705","111","2540","愛山林","3127","2852","2036","1357","10.00%","0人","0.00%"
"1120705","111","2542","興富發","1538","1403","775","624","40.00%","0人","0.00%"
"1120705","111","2543","皇昌","859","687","720","564","12.79%","9人","0.90%"
"1120705","111","2545","皇翔","1501","1274","1165","970","17.54%","0人","0.00%"
"1120705","111","2546","根基","1075","939","978","916","11.00%","10人","1.10%"
"1120705","111","2547","日勝生","1477","1244","941","862","39.24%","1人","0.48%"
"1120705","111","2548","華固","3157","2805","1647","1566","18.00%","0人","0.00%"
"1120705","111","2597","潤弘","1492","1297","1160","959","7.03%","0人","0.00%"
"1120705","111","2601","益航","1519","1308","1097","1009","46.67%","0人","0.00%"
"1120705","111","2603","長榮","4888","4553","4575","4213","17.13%","9人","0.29%"
"1120705","111","2605","新興","2175","1931","1375","1380","28.57%","0人","0.00%"
"1120705","111","2606","裕民","2094","1638","1574","1359","26.70%","0人","0.00%"
"1120705","111","2607","榮運","1164","984","971","941","25.00%","10人","0.97%"
"1120705","111","2608","嘉里大榮","816","667","690","667","12.38%","60人","1.38%"
"1120705","111","2609","陽明","3833","3216","2957","2585","28.93%","1人","0.05%"
"1120705","111","2610","華航","1897","1343","1638","1159","28.74%","37人","0.38%"
"1120705","111","2611","志信","758","609","567","567","16.00%","0人","0.00%"
"1120705","111","2612","中航","1695","1479","1307","1000","32.30%","1人","0.30%"
"1120705","111","2613","中櫃","773","635","634","614","17.24%","6人","0.82%"
"1120705","111","2614","東森","1407","1230","986","914","47.22%","0人","0.00%"
"1120705","111","2615","萬海","3329","3025","2442","2242","37.38%","19人","0.38%"
"1120705","111","2616","山隆","707","601","771","632","3.29%","0人","0.00%"
"1120705","111","2617","台航","1577","1350","1388","1058","21.00%","0人","0.00%"
"1120705","111","2618","長榮航","1637","1278","1417","791","31.90%","131人","1.39%"
"1120705","111","2630","亞航","764","626","649","600","6.27%","9人","0.79%"
"1120705","111","2633","台灣高鐵","1111","938","948","860","18.82%","13人","0.27%"
"1120705","111","2634","漢翔","1253","1066","1024","848","19.60%","42人","0.61%"
"1120705","111","2636","台驊投控","2622","2378","787","493","9.44%","0人","0.00%"
"1120705","111","2637","慧洋-KY","","","","","53.00%","0人","0.00%"
"1120705","111","2642","宅配通","673","553","603","573","23.37%","43人","1.98%"
"1120705","111","2645","長榮航太","1270","1052","1039","975","6.92%","16人","0.58%"
"1120705","111","2701","萬企","618","487","486","452","50.00%","0人","0.00%"
"1120705","111","2702","華園","587","496","578","468","50.00%","0人","0.00%"
"1120705","111","2704","國賓","1381","1237","586","468","37.55%","10人","1.43%"
"1120705","111","2705","六福","542","449","513","440","57.14%","128人","0.76%"
"1120705","111","2706","第一店","621","512","434","427","43.00%","0人","0.00%"
"1120705","111","2707","晶華","705","591","645","535","52.00%","25人","2.35%"
"1120705","111","2712","遠雄來","632","525","487","384","35.29%","7人","2.08%"
"1120705","111","2722","夏都","547","456","438","393","52.27%","13人","3.10%"
"1120705","111","2723","美食-KY","","","","","20.00%","251人","1.67%"
"1120705","111","2727","王品","521","440","663","559","53.05%","91人","1.03%"
"1120705","111","2731","雄獅","652","534","508","455","59.00%","20人","0.01%"
"1120705","111","2739","寒舍","769","631","577","489","45.93%","92人","5.81%"
"1120705","111","2748","雲品","795","672","560","465","48.05%","48人","4.85%"
"1120705","111","2753","八方雲集","1131","976","853","787","32.81%","13人","1.06%"
"1120705","111","2801","彰銀","1734","1395","1338","1253","59.66%","4人","0.06%"
"1120705","111","2809","京城銀","1058","906","830","759","52.15%","5人","0.50%"
"1120705","111","2812","台中銀","1369","1173","1047","883","38.82%","17人","0.60%"
"1120705","111","2816","旺旺保","1179","1025","1007","781","41.67%","3人","1.35%"
"1120705","111","2820","華票","1874","1542","1474","1294","18.75%","0人","0.00%"
"1120705","111","2832","台產","1157","1023","1009","783","36.98%","4人","0.76%"
"1120705","111","2834","臺企銀","1589","1319","1283","1143","46.30%","28人","0.52%"
"1120705","111","2836","高雄銀","1607","1342","1223","1104","51.46%","8人","0.74%"
"1120705","111","2838","聯邦銀","1013","864","856","744","53.72%","69人","1.76%"
"1120705","111","2845","遠東銀","1573","1308","1199","1061","40.00%","1人","0.04%"
"1120705","111","2849","安泰銀","1170","1031","985","824","49.40%","19人","1.25%"
"1120705","111","2850","新產","1383","1263","1210","898","24.07%","0人","0.00%"
"1120705","111","2851","中再保","1927","1578","1286","1263","47.50%","2人","1.18%"
"1120705","111","2852","第一保","1226","1096","1075","836","13.20%","6人","0.70%"
"1120705","111","2855","統一證","1449","1214","1137","819","37.50%","18人","1.25%"
"1120705","111","2867","三商壽","1090","955","944","820","47.30%","3人","0.20%"
"1120705","111","2880","華南金","1662","1361","1309","1135","52.14%","37人","0.35%"
"1120705","111","2881","富邦金","1212","1021","1315","1068","56.10%","53人","0.34%"
"1120705","111","2882","國泰金","1163","1017","1327","1107","56.40%","79人","0.14%"
"1120705","111","2883","開發金","1449","1224","1243","1025","60.00%","46人","1.69%"
"1120705","111","2884","玉山金","1453","1226","1210","1113","40.85%","20人","0.22%"
"1120705","111","2885","元大金","1688","1418","1252","1078","53.98%","11人","0.10%"
"1120705","111","2886","兆豐金","1996","1536","1432","1173","53.00%","66人","0.66%"
"1120705","111","2887","台新金","1464","1245","1267","1038","48.00%","1人","0.01%"
"1120705","111","2888","新光金","1127","970","1036","872","54.50%","9人","0.00%"
"1120705","111","2889","國票金","1520","1315","1079","777","5.13%","0人","0.00%"
"1120705","111","2890","永豐金","1614","1351","1265","1089","40.37%","22人","0.24%"
"1120705","111","2891","中信金","1725","1496","1469","1225","56.70%","32人","0.21%"
"1120705","111","2892","第一金","1777","1516","1337","1245","50.40%","17人","0.17%"
"1120705","111","2897","王道銀行","1782","1575","1279","1032","45.50%","6人","0.55%"
"1120705","111","2901","欣欣","902","742","633","577","14.81%","0人","0.00%"
"1120705","111","2903","遠百","906","786","743","700","25.49%","1人","0.07%"
"1120705","111","2904","匯僑","1248","1040","703","670","23.08%","0人","0.00%"
"1120705","111","2905","三商","2732","2537","947","814","46.88%","3人","0.20%"
"1120705","111","2906","高林","1174","1018","589","524","47.05%","0人","0.00%"
"1120705","111","2908","特力","1169","929","929","816","59.70%","1人","0.27%"
"1120705","111","2910","統領","725","589","560","511","3.77%","0人","0.00%"
"1120705","111","2911","麗嬰房","561","455","471","436","50.00%","0人","0.00%"
"1120705","111","2912","統一超","861","731","1009","851","50.16%","20人","0.23%"
"1120705","111","2913","農林","874","690","583","492","44.64%","5人","0.91%"
"1120705","111","2915","潤泰全","881","640","629","422","61.00%","0人","0.00%"
"1120705","111","2923","鼎固-KY","","","","","40.00%","0人","0.00%"
"1120705","111","2929","淘帝-KY","","","","","28.50%","0人","0.00%"
"1120705","111","2939","凱羿-KY","","","","","53.66%","0人","0.00%"
"1120705","111","2945","三商家購","439","355","426","358","59.72%","26人","0.66%"
"1120705","111","3002","歐格","1281","1131","746","889","58.82%","0人","0.00%"
"1120705","111","3003","健和興","860","727","687","647","17.48%","2人","0.28%"
"1120705","111","3004","豐達科","1062","922","791","715","23.00%","4人","0.88%"
"1120705","111","3005","神基","3464","3231","1628","1428","22.60%","11人","0.14%"
"1120705","111","3006","晶豪科","2837","2590","2585","2443","23.73%","0人","0.00%"
"1120705","111","3008","大立光","1339","1204","1244","878","10.00%","17人","0.24%"
"1120705","111","3010","華立","2173","1909","1428","1180","11.11%","0人","0.00%"
"1120705","111","3011","今皓","997","860","708","620","13.30%","0人","0.00%"
"1120705","111","3013","晟銘電","1419","1186","998","956","35.00%","40人","0.40%"
"1120705","111","3014","聯陽","2306","2069","2013","1891","13.00%","0人","0.00%"
"1120705","111","3015","全漢","1177","1024","1001","877","30.32%","3人","0.40%"
"1120705","111","3016","嘉晶","1307","1108","1145","1050","27.66%","0人","0.00%"
"1120705","111","3017","奇鋐","1911","1682","1033","909","19.92%","22人","0.23%"
"1120705","111","3018","隆銘綠能","925","760","768","687","0.32%","0人","0.00%"
"1120705","111","3019","亞光","1059","897","848","685","13.82%","0人","0.00%"
"1120705","111","3021","鴻名","835","686","722","598","47.05%","0人","0.00%"
"1120705","111","3022","威強電","1295","1137","895","830","22.86%","0人","0.00%"
"1120705","111","3023","信邦","870","736","685","496","46.00%","35人","0.77%"
"1120705","111","3024","憶聲","844","677","586","512","57.14%","0人","0.00%"
"1120705","111","3025","星通","1198","1033","942","792","38.46%","0人","0.00%"
"1120705","111","3026","禾伸堂","1019","878","838","665","48.82%","5人","0.49%"
"1120705","111","3027","盛達","981","820","852","762","31.58%","0人","0.00%"
"1120705","111","3028","增你強","1338","1160","1141","1003","32.50%","1人","0.27%"
"1120705","111","3029","零壹","1419","1209","1198","993","51.85%","0人","0.00%"
"1120705","111","3030","德律","1580","1392","1302","1139","11.25%","4人","0.67%"
"1120705","111","3031","佰鴻","1193","1040","787","707","22.00%","0人","0.00%"
"1120705","111","3032","偉訓","1407","1218","999","917","30.00%","0人","0.00%"
"1120705","111","3033","威健","1762","1551","1310","1174","9.10%","2人","0.39%"
"1120705","111","3034","聯詠","4381","4053","3959","3222","7.53%","0人","0.00%"
"1120705","111","3035","智原","3108","2847","2550","2072","20.78%","0人","0.00%"
"1120705","111","3036","文曄","1988","1754","1425","1096","30.07%","0人","0.00%"
"1120705","111","3037","欣興","1357","1204","1099","795","19.20%","46人","0.27%"
"1120705","111","3038","全台","801","697","675","570","16.67%","3人","0.34%"
"1120705","111","3040","遠見","1229","1055","725","679","50.00%","0人","0.00%"
"1120705","111","3041","揚智","2090","1842","1798","1643","13.00%","0人","0.00%"
"1120705","111","3042","晶技","1149","1045","1063","808","16.28%","16人","1.45%"
"1120705","111","3043","科風","705","585","508","398","22.73%","0人","0.00%"
"1120705","111","3044","健鼎","1079","941","706","492","18.73%","0人","0.00%"
"1120705","111","3045","台灣大","1251","1070","1097","943","49.00%","3人","0.08%"
"1120705","111","3046","建碁","1615","1268","1166","1191","20.80%","0人","0.00%"
"1120705","111","3047","訊舟","1337","1143","1060","915","20.00%","0人","0.00%"
"1120705","111","3048","益登","1605","1411","1328","1124","37.50%","1人","0.24%"
"1120705","111","3049","和鑫","838","635","757","655","10.00%","0人","0.00%"
"1120705","111","3050","鈺德","742","607","655","600","37.00%","0人","0.00%"
"1120705","111","3051","力特","777","642","585","545","22.00%","5人","0.83%"
"1120705","111","3052","夆典","1103","961","649","562","11.11%","0人","0.00%"
"1120705","111","3054","立萬利","1198","1025","896","792","40.00%","0人","0.00%"
"1120705","111","3055","蔚華科","2286","1992","1516","1508","29.17%","1人","1.30%"
"1120705","111","3056","總太","2059","1813","1394","799","42.00%","0人","0.00%"
"1120705","111","3057","喬鼎","1378","1179","1183","1010","26.00%","0人","0.00%"
"1120705","111","3058","立德","810","667","774","538","21.05%","0人","0.00%"
"1120705","111","3059","華晶科","2039","1835","1299","1209","20.00%","3人","1.03%"
"1120705","111","3060","銘異","874","721","643","553","22.00%","1人","0.30%"
"1120705","111","3062","建漢","1402","1200","1115","1021","15.56%","0人","0.00%"
"1120705","111","3090","日電貿","1446","1191","872","727","46.34%","0人","0.00%"
"1120705","111","3092","鴻碩","1757","1556","732","652","26.19%","382人","16.99%"
"1120705","111","3094","聯傑","1673","1459","1209","1177","16.67%","0人","0.00%"
"1120705","111","3130","一零四","1531","1343","1285","1129","59.00%","16人","1.77%"
"1120705","111","3138","耀登","1485","1333","1551","1255","32.29%","0人","0.00%"
"1120705","111","3149","正達","767","647","629","557","16.19%","2人","0.30%"
"1120705","111","3164","景岳","774","641","589","514","46.15%","0人","0.00%"
"1120705","111","3167","大量","886","589","689","602","15.38%","0人","0.00%"
"1120705","111","3189","景碩","1088","960","940","680","11.10%","32人","0.52%"
"1120705","111","3209","全科","1346","1090","1201","1016","7.40%","0人","0.00%"
"1120705","111","3229","晟鈦","686","564","551","481","0.00%","0人","0.00%"
"1120705","111","3231","緯創","1622","1432","1318","1107","21.26%","24人","0.21%"
"1120705","111","3257","虹冠電","1679","1496","1117","942","0.00%","0人","0.00%"
"1120705","111","3266","昇陽","1624","1404","1164","1157","20.00%","0人","0.00%"
"1120705","111","3296","勝德","943","791","693","655","39.47%","0人","0.00%"
"1120705","111","3305","昇貿","928","781","736","551","27.00%","0人","0.00%"
"1120705","111","3308","聯德","904","749","662","540","0.00%","0人","0.00%"
"1120705","111","3311","閎暉","776","629","611","421","33.33%","1人","0.06%"
"1120705","111","3312","弘憶股","1117","938","918","868","15.38%","0人","0.00%"
"1120705","111","3321","同泰","609","506","514","458","31.82%","16人","3.37%"
"1120705","111","3338","泰碩","1000","868","816","728","12.50%","0人","0.00%"
"1120705","111","3346","麗清","1238","1059","871","729","3.25%","0人","0.00%"
"1120705","111","3356","奇偶","1169","1010","1006","893","26.40%","0人","0.00%"
"1120705","111","3376","新日興","666","581","634","566","23.60%","22人","1.02%"
"1120705","111","3380","明泰","1380","1194","1116","1050","26.00%","0人","0.00%"
"1120705","111","3406","玉晶光","1178","1028","889","708","9.57%","22人","0.18%"
"1120705","111","3413","京鼎","1742","1577","1512","1222","26.97%","2人","0.70%"
"1120705","111","3416","融程電","995","839","829","690","24.00%","8人","1.94%"
"1120705","111","3419","譁裕","1129","973","774","670","21.00%","0人","0.00%"
"1120705","111","3432","台端","1396","1209","753","708","50.00%","0人","0.00%"
"1120705","111","3437","榮創","745","603","660","576","29.66%","7人","0.91%"
"1120705","111","3443","創意","4218","3925","2706","2163","13.83%","0人","0.00%"
"1120705","111","3447","展達","1822","1592","1397","1204","20.00%","0人","0.00%"
"1120705","111","3450","聯鈞","770","555","619","529","30.00%","7人","1.20%"
"1120705","111","3454","晶睿","1205","1067","1194","1014","29.00%","0人","0.00%"
"1120705","111","3481","群創","1054","893","892","709","19.61%","263人","0.01%"
"1120705","111","3494","誠研","882","738","617","424","22.22%","1人","0.01%"
"1120705","111","3501","維熹","852","733","662","492","40.00%","1人","0.30%"
"1120705","111","3504","揚明光","927","783","742","571","23.64%","13人","1.39%"
"1120705","111","3515","華擎","2231","1988","1615","1358","38.89%","0人","0.00%"
"1120705","111","3518","柏騰","1132","962","807","806","23.80%","0人","0.00%"
"1120705","111","3528","安馳","1936","1717","1170","1009","26.32%","0人","0.00%"
"1120705","111","3530","晶相光","2716","2443","2777","1999","16.67%","0人","0.00%"
"1120705","111","3532","台勝科","1307","1134","1145","1094","5.00%","0人","0.00%"
"1120705","111","3533","嘉澤","2841","2563","1478","1178","20.30%","0人","0.00%"
"1120705","111","3535","晶彩科","1290","1123","1066","905","11.11%","0人","0.00%"
"1120705","111","3543","州巧","842","703","672","574","30.30%","7人","2.14%"
"1120705","111","3545","敦泰","3770","3508","1897","1536","9.09%","0人","0.00%"
"1120705","111","3550","聯穎","1056","890","852","738","29.55%","0人","0.00%"
"1120705","111","3557","嘉威","2916","2670","1167","881","36.00%","27人","0.20%"
"1120705","111","3563","牧德","1300","1094","1024","883","20.00%","9人","3.26%"
"1120705","111","3576","聯合再生","895","716","673","526","24.80%","13人","0.74%"
"1120705","111","3583","辛耘","1179","1010","975","817","20.71%","3人","0.50%"
"1120705","111","3588","通嘉","2049","1801","1645","1474","14.29%","1人","0.57%"
"1120705","111","3591","艾笛森","993","822","652","482","34.00%","0人","0.00%"
"1120705","111","3592","瑞鼎","5382","5001","4866","3719","9.76%","0人","0.00%"
"1120705","111","3593","力銘","992","824","682","680","5.00%","0人","0.00%"
"1120705","111","3596","智易","1942","1719","1780","1518","19.00%","0人","0.00%"
"1120705","111","3605","宏致","928","760","796","605","27.90%","7人","1.06%"
"1120705","111","3607","谷崧","750","618","564","478","26.09%","0人","0.00%"
"1120705","111","3617","碩天","1621","1435","1284","1132","32.00%","0人","0.00%"
"1120705","111","3622","洋華","1211","1080","820","691","20.45%","0人","0.00%"
"1120705","111","3645","達邁","871","734","778","708","16.67%","0人","0.00%"
"1120705","111","3652","精聯","980","838","836","733","25.00%","5人","1.28%"
"1120705","111","3653","健策","1089","989","783","666","24.40%","17人","1.00%"
"1120705","111","3661","世芯-KY","","","","","33.00%","0人","0.00%"
"1120705","111","3665","貿聯-KY","","","","","35.07%","70人","0.40%"
"1120705","111","3669","圓展","1190","1034","1018","884","20.59%","1人","0.19%"
"1120705","111","3673","TPK-KY","","","","","24.05%","18人","0.12%"
"1120705","111","3679","新至陞","1802","1629","663","613","30.00%","0人","0.00%"
"1120705","111","3682","亞太電","923","766","913","822","34.00%","27人","1.63%"
"1120705","111","3686","達能","1584","1322","856","893","16.67%","0人","0.00%"
"1120705","111","3694","海華","1419","1063","1032","938","2.03%","1人","0.11%"
"1120705","111","3701","大眾控","3244","2976","889","759","25.00%","0人","0.00%"
"1120705","111","3702","大聯大","2149","1923","1550","1364","31.35%","0人","0.00%"
"1120705","111","3703","欣陸","2212","1510","885","825","9.60%","1人","0.05%"
"1120705","111","3704","合勤控","1525","1324","1160","944","28.60%","1人","0.00%"
"1120705","111","3705","永信","2024","1727","785","671","67.00%","0人","0.00%"
"1120705","111","3706","神達","2245","2245","1234","1038","25.00%","2人","0.11%"
"1120705","111","3708","上緯投控","2796","2743","681","466","33.33%","1人","0.34%"
"1120705","111","3711","日月光投控","6377","5508","1001","772","51.52%","100人","0.00%"
"1120705","111","3712","永崴投控","1107","1020","1089","920","25.00%","0人","0.00%"
"1120705","111","3714","富采","1825","1608","873","698","26.23%","18人","0.00%"
"1120705","111","3715","定穎投控","743","695","0","0","75.00%","0人","0.00%"
"1120705","111","4104","佳醫","1214","1048","941","793","39.40%","0人","0.00%"
"1120705","111","4106","雃博","880","731","793","671","23.00%","6人","2.16%"
"1120705","111","4108","懷特","1142","993","761","575","58.82%","0人","0.00%"
"1120705","111","4119","旭富","1158","999","841","760","18.18%","1人","0.50%"
"1120705","111","4133","亞諾法","934","789","645","571","40.00%","0人","0.00%"
"1120705","111","4137","麗豐-KY","","","","","6.30%","0人","0.00%"
"1120705","111","4142","國光生","864","745","651","594","29.37%","6人","1.05%"
"1120705","111","4148","全宇生技-KY","","","","","42.00%","7人","1.43%"
"1120705","111","4155","訊映","1091","967","797","724","16.67%","0人","0.00%"
"1120705","111","4164","承業醫","1672","1492","994","824","6.30%","5人","1.90%"
"1120705","111","4190","佐登-KY","","","","","0.00%","0人","0.00%"
"1120705","111","4306","炎洲","676","572","574","530","14.00%","0人","0.00%"
"1120705","111","4414","如興","1820","1615","979","778","40.00%","0人","0.00%"
"1120705","111","4426","利勤","628","533","561","537","44.27%","17人","2.50%"
"1120705","111","4438","廣越","1151","963","892","806","78.00%","0人","0.00%"
"1120705","111","4439","冠星-KY","","","","","35.71%","0人","0.00%"
"1120705","111","4440","宜新實業","773","668","570","556","0.00%","0人","0.00%"
"1120705","111","4526","東台","834","689","704","649","8.64%","11人","1.64%"
"1120705","111","4532","瑞智","1239","1062","880","786","16.42%","1人","0.31%"
"1120705","111","4536","拓凱","1078","922","752","584","19.57%","1人","0.31%"
"1120705","111","4540","全球傳動","706","595","624","562","18.82%","8人","0.61%"
"1120705","111","4545","銘鈺","792","672","607","524","40.00%","7人","0.76%"
"1120705","111","4551","智伸科","2253","2046","1474","1213","33.00%","1人","0.04%"
"1120705","111","4552","力達-KY","","","","","20.00%","0人","0.00%"
"1120705","111","4555","氣立","660","539","520","441","25.00%","0人","0.00%"
"1120705","111","4557","永新-KY","","","","","0.00%","4人","0.69%"
"1120705","111","4560","強信-KY","","","","","6.93%","4人","0.31%"
"1120705","111","4562","穎漢","686","582","527","509","49.00%","4人","1.30%"
"1120705","111","4564","元翎","614","498","532","466","30.30%","8人","2.80%"
"1120705","111","4566","時碩工業","1144","1008","853","674","22.70%","3人","0.91%"
"1120705","111","4571","鈞興-KY","","","","","21.81%","5人","0.60%"
"1120705","111","4572","駐龍","771","663","621","567","20.59%","3人","1.11%"
"1120705","111","4576","大銀微系統","1105","961","913","803","19.50%","3人","0.48%"
"1120705","111","4581","光隆精密-KY","","","","","19.00%","0人","0.00%"
"1120705","111","4583","台灣精銳","843","743","664","605","28.57%","2人","0.29%"
"1120705","111","4720","德淵","1040","870","748","677","28.00%","1人","0.46%"
"1120705","111","4722","國精化","1035","880","849","781","10.00%","0人","0.00%"
"1120705","111","4737","華廣","655","549","573","495","33.33%","20人","1.84%"
"1120705","111","4739","康普","1623","1462","876","756","10.90%","0人","0.00%"
"1120705","111","4746","台耀","1127","980","913","854","32.20%","3人","0.35%"
"1120705","111","4755","三福化","1303","1052","998","884","10.42%","0人","0.00%"
"1120705","111","4763","材料-KY","","","","","7.14%","14人","3.23%"
"1120705","111","4764","雙鍵","1052","877","759","704","45.45%","0人","0.00%"
"1120705","111","4766","南寶","1122","981","845","717","11.22%","8人","1.16%"
"1120705","111","4770","上品","1381","1223","1054","827","19.00%","92人","19.57%"
"1120705","111","4807","日成-KY","","","","","41.38%","13人","0.44%"
"1120705","111","4904","遠傳","1175","991","995","872","32.52%","0人","0.00%"
"1120705","111","4906","正文","1259","1081","1087","895","25.21%","3人","0.06%"
"1120705","111","4912","聯德控股-KY","","","","","23.00%","180人","32.85%"
"1120705","111","4915","致伸","2252","1996","1769","1544","25.50%","25人","0.20%"
"1120705","111","4916","事欣科","1473","1290","585","623","50.00%","0人","0.00%"
"1120705","111","4919","新唐","2045","1877","1880","1441","13.87%","2人","0.13%"
"1120705","111","4927","泰鼎-KY","","","","","0.52%","59人","0.80%"
"1120705","111","4930","燦星網","923","767","842","705","0.00%","0人","0.00%"
"1120705","111","4934","太極","1366","1196","983","854","2.80%","1人","0.18%"
"1120705","111","4935","茂林-KY","","","","","27.90%","0人","0.00%"
"1120705","111","4938","和碩","1497","1264","1299","1039","17.57%","15人","0.02%"
"1120705","111","4942","嘉彰","1112","980","782","563","20.55%","0人","0.00%"
"1120705","111","4943","康控-KY","","","","","0.00%","0人","0.00%"
"1120705","111","4952","凌通","2526","2284","2203","2081","16.70%","0人","0.00%"
"1120705","111","4956","光鋐","682","562","585","522","20.00%","0人","0.00%"
"1120705","111","4958","臻鼎-KY","","","","","14.40%","30人","0.07%"
"1120705","111","4960","誠美材","977","771","734","721","11.11%","10人","0.95%"
"1120705","111","4961","天鈺","3017","2736","2958","2225","16.90%","0人","0.00%"
"1120705","111","4967","十銓","762","631","625","545","43.75%","0人","0.00%"
"1120705","111","4968","立積","1699","1485","1453","1202","18.30%","0人","0.00%"
"1120705","111","4976","佳凌","629","530","550","523","22.00%","4人","0.23%"
"1120705","111","4977","眾達-KY","","","","","25.00%","0人","0.00%"
"1120705","111","4989","榮科","1192","971","985","953","16.67%","0人","0.00%"
"1120705","111","4994","傳奇","1055","898","764","679","42.86%","0人","0.00%"
"1120705","111","4999","鑫禾","811","695","694","532","20.00%","0人","0.00%"
"1120705","111","5007","三星","841","697","697","660","9.80%","13人","0.93%"
"1120705","111","5203","訊連","1741","1526","1501","1193","14.30%","0人","0.00%"
"1120705","111","5215","科嘉-KY","","","","","29.27%","6人","0.38%"
"1120705","111","5222","全訊","987","832","782","700","0.00%","0人","0.00%"
"1120705","111","5225","東科-KY","","","","","24.00%","0人","0.00%"
"1120705","111","5234","達興材料","1695","1496","1408","1102","24.44%","1人","0.26%"
"1120705","111","5243","乙盛-KY","","","","","13.73%","1人","0.03%"
"1120705","111","5244","弘凱","1869","1681","1218","956","25.00%","0人","0.00%"
"1120705","111","5258","虹堡","1053","899","813","645","30.00%","3人","0.69%"
"1120705","111","5269","祥碩","3407","3148","2361","1882","11.80%","0人","0.00%"
"1120705","111","5283","禾聯碩","811","684","691","631","15.79%","12人","1.58%"
"1120705","111","5284","jpp-KY","","","","","1.68%","26人","2.10%"
"1120705","111","5285","界霖","665","583","557","508","47.00%","6人","1.80%"
"1120705","111","5288","豐祥-KY","","","","","7.89%","9人","0.18%"
"1120705","111","5306","桂盟","1509","1344","952","755","35.90%","0人","0.00%"
"1120705","111","5388","中磊","1495","1327","1063","647","17.13%","4人","0.24%"
"1120705","111","5434","崇越","2503","2257","1787","1345","30.00%","0人","0.00%"
"1120705","111","5469","瀚宇博","1055","892","844","724","19.44%","8人","1.17%"
"1120705","111","5471","松翰","1905","1684","1747","1598","16.00%","0人","0.00%"
"1120705","111","5484","慧友","827","676","668","589","23.33%","0人","0.00%"
"1120705","111","5515","建國","1040","882","901","755","14.91%","2人","0.50%"
"1120705","111","5519","隆大","1690","1430","1135","1082","5.10%","0人","0.00%"
"1120705","111","5521","工信","673","572","574","416","7.89%","1人","0.57%"
"1120705","111","5522","遠雄","2315","2023","1526","1443","37.00%","0人","0.00%"
"1120705","111","5525","順天","1754","1583","1334","1208","27.00%","0人","0.00%"
"1120705","111","5531","鄉林","1197","1045","710","617","36.59%","0人","0.00%"
"1120705","111","5533","皇鼎","1432","1062","928","800","45.45%","0人","0.00%"
"1120705","111","5534","長虹","1583","1388","1047","1001","23.00%","0人","0.00%"
"1120705","111","5538","東明-KY","","","","","41.67%","0人","0.00%"
"1120705","111","5546","永固-KY","","","","","20.00%","0人","0.00%"
"1120705","111","5607","遠雄港","3438","3094","1016","932","33.33%","0人","0.00%"
"1120705","111","5608","四維航","2192","1992","1629","1508","75.00%","74人","0.00%"
"1120705","111","5706","鳳凰","399","296","444","448","50.00%","0人","0.00%"
"1120705","111","5871","中租-KY","","","","","30.76%","6人","0.07%"
"1120705","111","5876","上海商銀","1882","1549","1367","1255","28.47%","6人","0.20%"
"1120705","111","5880","合庫金","1810","1462","1422","1324","64.70%","8人","0.08%"
"1120705","111","5906","台南-KY","","","","","33.33%","0人","0.00%"
"1120705","111","5907","大洋-KY","","","","","52.00%","0人","0.00%"
"1120705","111","6005","群益證","1053","893","863","682","43.75%","2人","0.11%"
"1120705","111","6024","群益期","1749","1587","1412","966","33.96%","2人","0.66%"
"1120705","111","6108","競國","605","525","472","411","16.70%","0人","0.00%"
"1120705","111","6112","邁達特","1153","986","1036","826","42.86%","1人","0.13%"
"1120705","111","6115","鎰勝","1167","1025","880","707","22.18%","0人","0.00%"
"1120705","111","6116","彩晶","873","737","828","726","17.45%","39人","1.10%"
"1120705","111","6117","迎廣","739","634","646","528","26.00%","7人","0.99%"
"1120705","111","6120","達運","1366","1163","863","754","18.00%","3人","0.50%"
"1120705","111","6128","上福","804","690","583","500","15.00%","1人","0.21%"
"1120705","111","6133","金橋","913","738","780","684","6.38%","0人","0.00%"
"1120705","111","6136","富爾特","1026","898","787","732","34.78%","0人","0.00%"
"1120705","111","6139","亞翔","1296","1129","816","676","17.21%","2人","0.42%"
"1120705","111","6141","柏承","698","579","563","489","0.25%","4人","1.01%"
"1120705","111","6142","友勁","782","641","626","470","31.03%","4人","0.65%"
"1120705","111","6152","百一","1223","1063","1002","895","0.02%","0人","0.00%"
"1120705","111","6153","嘉聯益","848","689","696","610","16.00%","9人","0.33%"
"1120705","111","6155","鈞寶","676","572","533","469","30.95%","4人","1.61%"
"1120705","111","6164","華興","1123","962","630","578","31.25%","0人","0.00%"
"1120705","111","6165","浪凡","1846","1575","420","489","50.00%","0人","0.00%"
"1120705","111","6166","凌華","1471","1278","1045","950","25.49%","1人","0.01%"
"1120705","111","6168","宏齊","897","764","779","675","29.27%","0人","0.00%"
"1120705","111","6176","瑞儀","1921","1734","1445","1043","19.91%","11人","1.18%"
"1120705","111","6177","達麗","1224","1028","774","652","20.00%","0人","0.00%"
"1120705","111","6183","關貿","1395","1209","1202","1080","42.00%","0人","0.00%"
"1120705","111","6184","大豐電","883","749","692","570","36.36%","0人","0.00%"
"1120705","111","6189","豐藝","1953","1710","1198","976","18.18%","0人","0.00%"
"1120705","111","6191","精成科","2316","1965","1952","1553","18.92%","0人","0.00%"
"1120705","111","6192","巨路","1498","1322","1148","1022","15.09%","1人","0.20%"
"1120705","111","6196","帆宣","2169","1942","1553","1254","15.38%","0人","0.00%"
"1120705","111","6197","佳必琪","1193","1041","859","654","50.00%","0人","0.00%"
"1120705","111","6201","亞弘電","743","624","584","520","3.40%","2人","0.47%"
"1120705","111","6202","盛群","1873","1642","1348","1642","24.00%","0人","0.00%"
"1120705","111","6205","詮欣","1035","905","843","639","43.00%","0人","0.00%"
"1120705","111","6206","飛捷","1203","1071","1006","738","31.00%","0人","0.00%"
"1120705","111","6209","今國光","627","508","531","483","20.79%","12人","1.34%"
"1120705","111","6213","聯茂","924","777","663","546","12.50%","3人","0.78%"
"1120705","111","6214","精誠","1153","961","969","797","24.74%","2人","0.10%"
"1120705","111","6215","和椿","1177","1014","1000","911","1.38%","4人","2.75%"
"1120705","111","6216","居易","1402","1187","1073","906","11.86%","0人","0.00%"
"1120705","111","6224","聚鼎","1110","945","796","681","21.05%","0人","0.00%"
"1120705","111","6225","天瀚","917","770","991","1007","60.00%","0人","0.00%"
"1120705","111","6226","光鼎","1054","907","854","695","44.40%","0人","0.00%"
"1120705","111","6230","尼得科超眾","957","815","741","556","2.00%","5人","0.70%"
"1120705","111","6235","華孚","1871","1680","897","702","22.73%","0人","0.00%"
"1120705","111","6239","力成","996","854","863","688","29.70%","14人","0.12%"
"1120705","111","6243","迅杰","2066","1853","1440","1327","5.80%","1人","1.45%"
"1120705","111","6257","矽格","1025","887","806","631","24.29%","11人","0.49%"
"1120705","111","6269","台郡","852","683","650","578","14.79%","2人","0.08%"
"1120705","111","6271","同欣電","941","822","840","648","6.17%","35人","1.29%"
"1120705","111","6277","宏正","1400","1209","1203","1015","15.79%","9人","1.00%"
"1120705","111","6278","台表科","1159","1016","708","576","34.10%","0人","0.00%"
"1120705","111","6281","全國電","922","773","797","738","27.00%","14人","0.82%"
"1120705","111","6282","康舒","1290","1112","1119","892","16.25%","20人","0.27%"
"1120705","111","6283","淳安","1337","1157","941","894","40.91%","0人","0.00%"
"1120705","111","6285","啟碁","1350","1164","1157","821","19.10%","9人","0.14%"
"1120705","111","6288","聯嘉","860","709","800","487","18.18%","0人","0.00%"
"1120705","111","6405","悅城","775","644","592","548","24.00%","8人","2.90%"
"1120705","111","6409","旭隼","3626","3381","1361","1089","29.51%","6人","0.19%"
"1120705","111","6412","群電","2131","1911","1771","1537","20.60%","0人","0.00%"
"1120705","111","6414","樺漢","2008","1806","1287","1163","9.00%","0人","0.00%"
"1120705","111","6415","矽力*-KY","","","","","14.24%","0人","0.00%"
"1120705","111","6416","瑞祺電通","983","834","768","644","20.00%","0人","0.00%"
"1120705","111","6426","統新","811","693","661","586","0.00%","1人","0.43%"
"1120705","111","6431","光麗-KY","","","","","37.50%","0人","0.00%"
"1120705","111","6438","迅得","1102","970","961","802","4.12%","0人","0.00%"
"1120705","111","6442","光聖","925","814","693","541","26.00%","1人","0.20%"
"1120705","111","6443","元晶","631","502","571","479","7.14%","31人","1.64%"
"1120705","111","6449","鈺邦","1591","1400","1056","816","34.00%","0人","0.00%"
"1120705","111","6451","訊芯-KY","","","","","42.00%","0人","0.00%"
"1120705","111","6456","GIS-KY","","","","","16.96%","17人","0.12%"
"1120705","111","6464","台數科","1586","1399","578","523","63.64%","0人","0.00%"
"1120705","111","6477","安集","700","582","599","562","60.00%","18人","7.00%"
"1120705","111","6491","晶碩","936","806","814","721","27.00%","26人","1.50%"
"1120705","111","6504","南六","786","625","548","489","22.89%","16人","3.75%"
"1120705","111","6505","台塑化","1627","1435","1467","1353","9.45%","1人","0.02%"
"1120705","111","6515","穎崴","1689","1523","1318","1105","25.25%","1人","0.16%"
"1120705","111","6525","捷敏-KY","","","","","50.52%","5人","0.24%"
"1120705","111","6531","愛普*","2529","2216","2055","1674","35.00%","0人","0.00%"
"1120705","111","6533","晶心科","1440","1214","2517","2057","11.48%","0人","0.00%"
"1120705","111","6541","泰福-KY","","","","","27.27%","2人","1.05%"
"1120705","111","6550","北極星藥業-KY","","","","","38.88%","0人","0.00%"
"1120705","111","6552","易華電","568","492","524","471","27.59%","0人","0.00%"
"1120705","111","6558","興能高","1343","1140","883","709","45.50%","0人","0.00%"
"1120705","111","6573","虹揚-KY","","","","","51.00%","0人","0.00%"
"1120705","111","6579","研揚","1396","1258","1150","959","16.70%","4人","0.77%"
"1120705","111","6581","鋼聯","1296","1119","969","923","16.67%","0人","0.00%"
"1120705","111","6582","申豐","806","644","843","665","33.00%","0人","0.00%"
"1120705","111","6585","鼎基","885","751","743","667","16.67%","10人","1.67%"
"1120705","111","6591","動力-KY","","","","","1.21%","0人","0.00%"
"1120705","111","6592","和潤企業","1434","1224","1214","978","22.97%","0人","0.00%"
"1120705","111","6598","ABC-KY","","","","","31.25%","0人","0.00%"
"1120705","111","6605","帝寶","763","644","670","635","25.30%","9人","0.24%"
"1120705","111","6606","建德工業","832","700","","","40.00%","1人","0.80%"
"1120705","111","6625","必應","934","808","687","630","35.00%","1人","0.34%"
"1120705","111","6641","基士德-KY","","","","","33.33%","1人","0.17%"
"1120705","111","6655","科定","907","809","766","678","40.44%","5人","1.05%"
"1120705","111","6657","華安","","","","","40.00%","0人","0.00%"
"1120705","111","6666","羅麗芬-KY","","","","","46.15%","0人","0.00%"
"1120705","111","6668","中揚光","775","650","706","609","20.00%","6人","0.93%"
"1120705","111","6669","緯穎","1310","1163","1260","957","32.78%","8人","0.12%"
"1120705","111","6670","復盛應用","1145","971","897","724","21.31%","8人","0.82%"
"1120705","111","6671","三能-KY","","","","","41.11%","8人","1.15%"
"1120705","111","6672","騰輝電子-KY","","","","","15.00%","6人","0.73%"
"1120705","111","6674","鋐寶科技","1330","1157","874","769","19.44%","2人","0.01%"
"1120705","111","6689","伊雲谷","1036","869","968","754","38.10%","0人","0.00%"
"1120705","111","6691","洋基工程","3107","2953","1434","1150","14.29%","22人","4.95%"
"1120705","111","6695","芯鼎","1904","1678","1618","1430","15.00%","0人","0.00%"
"1120705","111","6698","旭暉應材","803","673","616","516","28.00%","2人","0.95%"
"1120705","111","6706","惠特","936","807","898","663","12.73%","14人","2.31%"
"1120705","111","6715","嘉基","1778","1548","1168","1069","20.69%","0人","0.00%"
"1120705","111","6719","力智","2708","2456","2062","1717","18.18%","0人","0.00%"
"1120705","111","6743","安普新","1259","1098","944","804","21.21%","1人","0.74%"
"1120705","111","6753","龍德造船","766","654","559","644","11.11%","0人","0.00%"
"1120705","111","6754","匯僑設計","1197","1096","1013","879","29.41%","1人","0.66%"
"1120705","111","6756","威鋒電子","2888","2625","2502","1745","15.00%","0人","0.00%"
"1120705","111","6768","志強-KY","","","","","39.00%","1人","0.20%"
"1120705","111","6770","力積電","2054","1845","1677","1453","7.00%","1人","0.01%"
"1120705","111","6776","展碁國際","1358","1114","1074","928","43.60%","0人","0.00%"
"1120705","111","6781","AES-KY","","","","","11.00%","0人","0.00%"
"1120705","111","6782","視陽","1937","1732","1447","1186","17.65%","0人","0.00%"
"1120705","111","6789","采鈺","1470","1255","1334","1069","20.10%","0人","0.00%"
"1120705","111","6790","永豐實","1000","819","850","746","33.00%","10人","1.40%"
"1120705","111","6792","詠業","1032","894","815","662","14.29%","6人","1.03%"
"1120705","111","6796","晉弘","1109","934","936","773","30.00%","0人","0.00%"
"1120705","111","6799","來頡","3059","2841","1704","1562","18.18%","0人","0.00%"
"1120705","111","6806","森崴能源","1004","861","868","717","11.00%","0人","0.00%"
"1120705","111","6807","峰源-KY","","","","","28.89%","370人","20.17%"
"1120705","111","6830","汎銓","1527","1276","1342","1066","30.00%","0人","0.00%"
"1120705","111","6834","天二科技","687","574","535","495","13.34%","0人","0.00%"
"1120705","111","6835","圓裕","1150","1016","800","738","41.38%","0人","0.00%"
"1120705","111","6854","錼創科技-KY創","","","","","9.21%","1人","0.25%"
"1120705","111","6861","睿生光電","1470","1263","","","11.36%","0人","0.00%"
"1120705","111","6863","永道-KY","","","","","0.00%","0人","0.00%"
"1120705","111","6869","雲豹能源-創","1775","1538","","","14.29%","0人","0.00%"
"1120705","111","6873","泓德能源-創","1718","1540","1158","1023","18.80%","0人","0.00%"
"1120705","111","8011","台通","721","609","598","558","25.00%","4人","1.47%"
"1120705","111","8016","矽創","3953","3638","3641","3270","27.80%","0人","0.00%"
"1120705","111","8021","尖點","1022","903","752","634","25.00%","6人","1.64%"
"1120705","111","8028","昇陽半導體","1006","842","768","729","29.31%","5人","0.50%"
"1120705","111","8033","雷虎","906","774","580","561","20.00%","0人","0.00%"
"1120705","111","8039","台虹","1107","904","828","740","11.00%","3人","0.35%"
"1120705","111","8046","南電","1323","1167","1190","1131","2.90%","0人","0.00%"
"1120705","111","8070","長華*","3608","3368","2097","1325","29.71%","9人","0.39%"
"1120705","111","8072","陞泰","1193","1080","658","446","50.00%","0人","0.00%"
"1120705","111","8081","致新","2911","2647","2592","2306","23.00%","0人","0.00%"
"1120705","111","8101","華冠","1423","1212","848","815","14.00%","0人","0.00%"
"1120705","111","8103","瀚荃","1229","1050","933","788","43.00%","0人","0.00%"
"1120705","111","8104","錸寶","886","737","688","568","9.52%","4人","1.93%"
"1120705","111","8105","凌巨","965","827","830","742","21.80%","2人","0.10%"
"1120705","111","8110","華東","770","659","623","547","33.00%","2人","0.10%"
"1120705","111","8112","至上","2124","1777","1300","1198","14.29%","0人","0.00%"
"1120705","111","8114","振樺電","1076","937","689","565","47.76%","2人","0.62%"
"1120705","111","8131","福懋科","717","617","597","558","7.29%","0人","0.00%"
"1120705","111","8150","南茂","1184","975","948","857","20.57%","5人","0.09%"
"1120705","111","8163","達方","1463","1297","1210","1005","2.20%","16人","0.21%"
"1120705","111","8201","無敵","1140","916","807","752","14.13%","0人","0.00%"
"1120705","111","8210","勤誠","1215","1067","1244","1012","37.50%","2人","1.12%"
"1120705","111","8213","志超","2771","2523","1426","1210","33.33%","0人","0.00%"
"1120705","111","8215","明基材","1274","1101","1098","754","33.40%","7人","0.27%"
"1120705","111","8222","寶一","641","531","514","494","29.00%","195人","0.00%"
"1120705","111","8249","菱光","2529","2292","1483","1262","25.00%","0人","0.00%"
"1120705","111","8261","富鼎","2772","2390","1993","1492","16.00%","1人","0.76%"
"1120705","111","8271","宇瞻","1488","1293","1178","1014","35.85%","5人","1.06%"
"1120705","111","8341","日友","1340","1168","1019","828","8.00%","4人","1.15%"
"1120705","111","8367","建新國際","951","799","760","704","35.29%","5人","1.07%"
"1120705","111","8374","羅昇","1225","1047","895","816","25.00%","0人","0.00%"
"1120705","111","8404","百和興業-KY","","","","","43.40%","18人","0.45%"
"1120705","111","8411","福貞-KY","","","","","24.71%","3人","0.43%"
"1120705","111","8422","可寧衛","1296","1096","889","688","0.00%","11人","3.54%"
"1120705","111","8429","金麗-KY","","","","","0.00%","0人","0.00%"
"1120705","111","8438","昶昕","850","723","682","581","28.57%","4人","1.75%"
"1120705","111","8442","威宏-KY","","","","","0.00%","0人","0.00%"
"1120705","111","8443","阿瘦","603","494","570","515","60.00%","10人","2.00%"
"1120705","111","8454","富邦媒","970","799","842","724","54.83%","40人","1.32%"
"1120705","111","8462","柏文","1134","1014","655","541","48.47%","6人","0.40%"
"1120705","111","8463","潤泰材","918","759","673","604","12.00%","9人","2.62%"
"1120705","111","8464","億豐","2068","1841","1457","1197","26.32%","2人","0.78%"
"1120705","111","8466","美吉吉-KY","","","","","35.14%","18人","2.20%"
"1120705","111","8467","波力-KY","","","","","34.01%","25人","0.22%"
"1120705","111","8473","山林水","574","459","524","453","22.00%","1人","0.13%"
"1120705","111","8478","東哥遊艇","1264","1151","956","877","18.39%","6人","0.84%"
"1120705","111","8481","政伸","1235","1088","1032","957","38.46%","0人","0.00%"
"1120705","111","8482","商億-KY","","","","","5.00%","136人","8.17%"
"1120705","111","8488","吉源-KY","","","","","22.22%","0人","0.00%"
"1120705","111","8499","鼎炫-KY","","","","","25.00%","2人","0.30%"
"1120705","111","8926","台汽電","1635","1376","1240","1046","9.09%","0人","0.00%"
"1120705","111","8940","新天地","816","679","498","406","47.61%","6人","1.75%"
"1120705","111","8996","高力","1086","918","845","803","21.30%","7人","1.24%"
"1120705","111","9802","鈺齊-KY","","","","","62.28%","17人","0.07%"
"1120705","111","9902","台火","878","684","523","568","37.50%","0人","0.00%"
"1120705","111","9904","寶成","969","840","899","659","49.70%","12人","0.33%"
"1120705","111","9905","大華","735","586","617","570","10.47%","5人","1.70%"
"1120705","111","9906","欣巴巴","1078","908","578","503","33.00%","1人","1.72%"
"1120705","111","9907","統一實","1068","907","901","848","11.20%","4人","0.36%"
"1120705","111","9908","大台北","1239","1059","1074","995","5.40%","0人","0.00%"
"1120705","111","9910","豐泰","1674","1490","1394","1094","42.20%","66人","0.05%"
"1120705","111","9911","櫻花","886","770","778","648","1.79%","6人","0.56%"
"1120705","111","9912","偉聯","1352","1131","879","721","42.86%","0人","0.00%"
"1120705","111","9914","美利達","1041","913","955","777","11.54%","2人","0.15%"
"1120705","111","9917","中保科","961","813","771","724","30.43%","29人","1.17%"
"1120705","111","9918","欣天然","1268","1076","936","867","23.30%","0人","0.00%"
"1120705","111","9919","康那香","705","592","543","487","36.36%","7人","1.08%"
"1120705","111","9921","巨大","1033","889","830","690","31.58%","53人","0.47%"
"1120705","111","9924","福興","718","611","559","462","30.77%","5人","0.40%"
"1120705","111","9925","新保","848","701","682","635","6.54%","16人","0.91%"
"1120705","111","9926","新海","1224","1032","1249","1246","25.00%","0人","0.00%"
"1120705","111","9927","泰銘","980","833","721","684","9.09%","0人","0.00%"
"1120705","111","9928","中視","781","647","684","614","21.42%","2人","0.45%"
"1120705","111","9929","秋雨","676","551","522","495","37.50%","1人","0.80%"
"1120705","111","9930","中聯資源","1767","1526","1435","1331","8.33%","0人","0.00%"
"1120705","111","9931","欣高","1113","949","907","859","20.00%","0人","0.00%"
"1120705","111","9933","中鼎","1444","1262","1160","1014","14.27%","0人","0.00%"
"1120705","111","9934","成霖","1519","1343","662","642","37.00%","0人","0.00%"
"1120705","111","9935","慶豐富","742","669","591","519","25.53%","5人","0.91%"
"1120705","111","9937","全國","470","396","516","423","47.87%","7人","0.29%"
"1120705","111","9938","百和","846","732","649","499","43.68%","4人","0.40%"
"1120705","111","9939","宏全","811","714","686","627","3.09%","9人","2.41%"
"1120705","111","9940","信義","1211","1050","1105","802","20.40%","231人","4.52%"
"1120705","111","9941","裕融","1709","1450","1366","1124","30.91%","2人","0.24%"
"1120705","111","9942","茂順","761","641","611","542","22.50%","45人","4.00%"
"1120705","111","9943","好樂迪","532","452","535","490","2.80%","40人","3.10%"
"1120705","111","9944","新麗","735","624","615","538","29.11%","1人","0.10%"
"1120705","111","9945","潤泰新","1076","941","641","386","35.00%","0人","0.00%"
"1120705","111","9946","三發地產","1190","1014","876","767","45.45%","0人","0.00%"
"1120705","111","9955","佳龍","938","734","556","480","33.33%","0人","0.00%"
"1120705","111","9958","世紀鋼","897","726","617","529","27.19%","2人","0.67%"
